{
	"pattrstorage" : 	{
		"name" : "whose_afraid",
		"slots" : 		{
			"1" : 			{
				"id" : 1,
				"data" : 				{
					"ip_address" : [ "192.168.178.49" ],
					"loop" : [ 0 ],
					"mc_function" : [ "data", 0, 40, 400000.0, 0.0, 1.0, 1376.462491397109261, 0.00952380952381, 0, 0.0, 33723.331039229175076, 0.638095238095238, 0, -0.5, 99517.85248892364325, 0.033707865168539, 0, 0.0, 162066.718790721904952, 0.365168539325843, 2, 0.0, 162066.718790721904952, 0.966292134831461, 2, 0.0, 175201.98071409953991, 0.921348314606742, 2, 0.0, 188649.986968986195279, 0.0, 2, 0.0, 208352.879854052618612, 0.443820224719101, 2, 0.0, 400000.0, 1.0, 2, 0.0, "curve", "data", 1, 40, 400000.0, 0.0, 1.0, 825.877494838265648, 0.0, 0, 0.0, 23399.862353750861075, 1.0, 0, 0.0, 44872.677219545767002, 0.114285714285714, 0, 0.0, 80660.701995870607789, 0.247619047619048, 0, 0.0, 98224.852071005909238, 0.827956989247312, 0, 0.3, 156213.017751479317667, 0.860215053763441, 0, 0.0, 201183.431952662707772, 0.290322580645161, 0, 0.0, 339644.970414201146923, 0.946236559139785, 0, 0.65, 389349.112426035455428, 0.0, 0, 0.0, "curve", "data", 2, 36, 400000.0, 0.0, 1.0, 7100.591715976332125, 0.10752688172043, 0, 0.0, 46153.846153846156085, 0.172043010752688, 0, 0.0, 66345.492085340680205, 0.561904761904762, 0, 0.0, 98224.852071005909238, 0.827956989247312, 0, 0.3, 147054.990878290322144, 0.039325842696629, 0, 0.0, 201472.504560854838928, 0.095505617977528, 0, 0.0, 339644.970414201146923, 0.946236559139785, 0, -0.295, 389349.112426035455428, 0.0, 0, 0.5, "curve", "data", 3, 36, 400000.0, 0.0, 1.0, 7100.591715976332125, 0.10752688172043, 0, 0.0, 46153.846153846156085, 0.172043010752688, 0, 0.0, 46153.846153846156085, 0.819047619047619, 0, 0.0, 99205.10815741463739, 0.0, 0, 0.3, 156213.017751479317667, 0.860215053763441, 0, 0.0, 208665.62418556160992, 0.567415730337079, 0, 0.0, 340956.47641386493342, 0.275280898876405, 0, 0.65, 389349.112426035455428, 0.0, 0, 0.0, "curve", "data", 4, 44, 400000.0, 0.0, 1.0, 7100.591715976332125, 0.10752688172043, 0, 0.0, 7100.591715976332125, 0.915730337078652, 0, 0.0, 34779.775866562420561, 0.359550561797753, 2, 0.0, 71370.86265311439638, 0.820224719101124, 2, 0.0, 103896.273130049507017, 0.342696629213483, 0, 0.0, 132043.262965858739335, 0.657303370786517, 0, 0.3, 159877.508470158965793, 0.073033707865169, 0, 0.0, 204287.203544435760705, 0.691011235955056, 0, 0.0, 339644.970414201146923, 0.946236559139785, 0, 0.65, 389349.112426035455428, 0.0, 0, 0.0, "curve", "data", 5, 4, 400000.0, 0.0, 1.0, "curve", "data", 6, 4, 400000.0, 0.0, 1.0, "curve", "data", 7, 4, 400000.0, 0.0, 1.0, "curve", "data", 8, 52, 400000.0, 0.0, 1.0, 0.0, 0.193548387096774, 0, 0.0, 0.0, 0.193548387096774, 0, 0.0, 0.0, 0.193548387096774, 0, 0.0, 0.0, 0.193548387096774, 0, 0.0, 36722.306525037936808, 0.713483146067416, 0, 0.0, 146742.246546781330835, 0.730337078651685, 0, 0.0, 164497.041420118330279, 0.174157303370787, 0, 0.0, 196155.85092520195758, 0.325842696629214, 0, 0.0, 259955.69455303621362, 1.0, 0, 0.35, 301775.147928994090762, 0.21505376344086, 0, 0.0, 301775.147928994090762, 0.21505376344086, 0, 0.0, 371597.633136094664223, 0.838709677419355, 0, 0.0, "curve", "data", 9, 4, 400000.0, 0.0, 1.0, "curve", "data", 10, 4, 400000.0, 0.0, 1.0, "curve", "data", 11, 4, 400000.0, 0.0, 1.0, "curve", "data", 12, 4, 400000.0, 0.0, 1.0, "curve", "data", 13, 4, 400000.0, 0.0, 1.0, "curve", "data", 14, 4, 400000.0, 0.0, 1.0, "curve", "data", 15, 4, 400000.0, 0.0, 1.0, "curve", "data", 16, 4, 400000.0, 0.0, 1.0, "curve", "data", 17, 44, 400000.0, 0.0, 1.0, 7100.591715976332125, 0.10752688172043, 0, 0.0, 49827.942188575354521, 0.333333333333333, 0, 0.0, 59171.597633136108925, 0.709677419354839, 0, 0.0, 71996.351316132378997, 0.589887640449438, 0, 0.0, 84673.748103186648223, 0.5, 0, 0.0, 98224.852071005909238, 0.827956989247312, 0, 0.3, 156213.017751479317667, 0.860215053763441, 0, 0.0, 224638.678596008277964, 0.704761904761905, 0, 0.0, 339644.970414201146923, 0.946236559139785, 0, 0.65, 389349.112426035455428, 0.0, 0, 0.0, "curve" ],
					"project_time" : [ 400 ],
					"rec_slot" : [ 0 ],
					"timeline" : [ 70961 ],
					"udp_port" : [ 6006 ]
				}

			}

		}

	}

}
